,antecedent,consequent,confidence,lift,support
0,['ISFP'],['INFP'],0.23514518300108966,1.3131938375294758,0.013567439624246459
1,['ENFJ'],['INFJ'],0.20289948870623262,1.4055104654022377,0.011594363696882281
2,['ESTP'],['ENTP'],0.1989766331229746,1.4841735677274785,0.01078627168164503
3,['ISTJ'],['INTJ'],0.19597530299565516,1.2653062913869768,0.011093235696586412
4,['ENTJ'],['INTJ'],0.18758659558978935,1.2111449552645275,0.014771256333444284
5,['ENFJ'],['INFP'],0.1825124587405346,1.0192606670973656,0.010429379784755353
6,['ISTP'],['INTP'],0.18070387222583342,1.0900769696616268,0.014394023447612708
7,['ENFP'],['INFP'],0.17002537943089568,0.9495252151996176,0.01870631310329524
8,['INFJ'],['INFP'],0.15553306774949724,0.8685913251293257,0.02245275343023041
9,['ENTP'],['INTP'],0.15526896551724137,0.9366435889210204,0.02081622841081401
10,['ENFP'],['ENTP'],0.15499941173504547,1.1561459569390053,0.01705314545656274
11,['INTJ'],['INTP'],0.153513694214284,0.9260551006983079,0.023776766892266727
12,['ENTJ'],['ENTP'],0.15060000469670995,1.1233306281363697,0.011858796553126964
13,['INTP'],['INTJ'],0.14343082792316444,0.9260551006983079,0.023776766892266727
14,['INFJ'],['INTJ'],0.14053313179704613,0.9073462476803005,0.02028736269832464
15,['ENTJ'],['INTP'],0.13655684193222647,0.8237646853190264,0.010752986427012834
16,['ISTP'],['INTJ'],0.1345528832760702,0.868735024929359,0.010717851991567735
17,['INTJ'],['INFJ'],0.13098450297285036,0.9073462476803005,0.02028736269832464
18,['INTP'],['INFP'],0.12983289828882494,0.7250659348641051,0.021522615481341767
19,['ENTP'],['ENFP'],0.1272,1.1561459569390053,0.01705314545656274
20,['INTP'],['ENTP'],0.1255716931039868,0.9366435889210204,0.02081622841081401
21,['INFP'],['INFJ'],0.1253898424107235,0.8685913251293257,0.02245275343023041
22,['ENFP'],['INFJ'],0.12313225876934972,0.8529527572122528,0.01354709863530456
23,['INFP'],['INTP'],0.12019538591816924,0.7250659348641051,0.021522615481341767
24,['ENTP'],['INTJ'],0.11542068965517241,0.7452088224614262,0.01547394504234624
25,['ENFP'],['INTJ'],0.11382086491755887,0.7348796214107008,0.012522652464958024
26,['ENFP'],['INTP'],0.10778694724103736,0.650213342804009,0.011858796553126964
27,['INFJ'],['INTP'],0.10669040695812572,0.6435985796891688,0.015401826990643144
28,['INFP'],['ENFP'],0.10446743912262221,0.9495252151996175,0.01870631310329524
29,['INTJ'],['INFP'],0.10123212111081926,0.5653417854711036,0.01567920411257813
30,['ENTP'],['INFJ'],0.10001379310344828,0.6928082164612802,0.013408410074337069
